YUBIN_7,JYUSYO,JYUSYO2
"2260019","神奈川県横浜市緑区中山","1-1"
"2300000","神奈川県横浜市鶴見区以下に掲載がない場合","1-1"
"2300033","神奈川県横浜市鶴見区朝日町","1-1"
"2300035","神奈川県横浜市鶴見区安善町","1-1"
"2300021","神奈川県横浜市鶴見区市場上町","1-1"
"2300024","神奈川県横浜市鶴見区市場下町","1-1"
"2300022","神奈川県横浜市鶴見区市場東中町","1-1"
"2300023","神奈川県横浜市鶴見区市場西中町","1-1"
"2300026","神奈川県横浜市鶴見区市場富士見町","1-1"
"2300025","神奈川県横浜市鶴見区市場大和町","1-1"
"2300041","神奈川県横浜市鶴見区潮田町","1-1"
"2300002","神奈川県横浜市鶴見区江ケ崎町","1-1"
"2300055","神奈川県横浜市鶴見区扇島","1-1"
"2300046","神奈川県横浜市鶴見区小野町","1-1"
"2300072","神奈川県横浜市鶴見区梶山","1-1"
"2300011","神奈川県横浜市鶴見区上末吉","1-1"
"2300075","神奈川県横浜市鶴見区上の宮","1-1"
"2300034","神奈川県横浜市鶴見区寛政町","1-1"
"2300078","神奈川県横浜市鶴見区岸谷","1-1"
"2300074","神奈川県横浜市鶴見区北寺尾","1-1"
"2300071","神奈川県横浜市鶴見区駒岡","1-1"
"2300038","神奈川県横浜市鶴見区栄町通","1-1"
"2300043","神奈川県横浜市鶴見区汐入町","1-1"
"2300073","神奈川県横浜市鶴見区獅子ケ谷","1-1"
"2300047","神奈川県横浜市鶴見区下野谷町","1-1"
"2300003","神奈川県横浜市鶴見区尻手","1-1"
"2300012","神奈川県横浜市鶴見区下末吉","1-1"
"2300045","神奈川県横浜市鶴見区末広町","1-1"
"2300027","神奈川県横浜市鶴見区菅沢町","1-1"
"2300014","神奈川県横浜市鶴見区諏訪坂","1-1"
"2300053","神奈川県横浜市鶴見区大黒町","1-1"
"2300054","神奈川県横浜市鶴見区大黒ふ頭","1-1"
"2300032","神奈川県横浜市鶴見区大東町","1-1"
"2300061","神奈川県横浜市鶴見区佃野町","1-1"
"2300063","神奈川県横浜市鶴見区鶴見","1-1"
"2300051","神奈川県横浜市鶴見区鶴見中央","1-1"
"2300015","神奈川県横浜市鶴見区寺谷","1-1"
"2300062","神奈川県横浜市鶴見区豊岡町","1-1"
"2300042","神奈川県横浜市鶴見区仲通","1-1"
"2300052","神奈川県横浜市鶴見区生麦","1-1"
"2300076","神奈川県横浜市鶴見区馬場","1-1"
"2300036","神奈川県横浜市鶴見区浜町","1-1"
"2300077","神奈川県横浜市鶴見区東寺尾","1-1"
"2300017","神奈川県横浜市鶴見区東寺尾中台","1-1"
"2300018","神奈川県横浜市鶴見区東寺尾東台","1-1"
"2300016","神奈川県横浜市鶴見区東寺尾北台","1-1"
"2300031","神奈川県横浜市鶴見区平安町","1-1"
"2300044","神奈川県横浜市鶴見区弁天町","1-1"
"2300048","神奈川県横浜市鶴見区本町通","1-1"
"2300013","神奈川県横浜市鶴見区三ツ池公園","1-1"
"2300037","神奈川県横浜市鶴見区向井町","1-1"
"2300004","神奈川県横浜市鶴見区元宮","1-1"
"2300001","神奈川県横浜市鶴見区矢向","1-1"
"2210000","神奈川県横浜市神奈川区以下に掲載がない場合","1-1"
"2210057","神奈川県横浜市神奈川区青木町","1-1"
"2210814","神奈川県横浜市神奈川区旭ケ丘","1-1"
"2210032","神奈川県横浜市神奈川区出田町","1-1"
"2210842","神奈川県横浜市神奈川区泉町","1-1"
"2210014","神奈川県横浜市神奈川区入江","1-1"
"2210062","神奈川県横浜市神奈川区浦島丘","1-1"
"2210042","神奈川県横浜市神奈川区浦島町","1-1"
"2210024","神奈川県横浜市神奈川区恵比須町","1-1"
"2210002","神奈川県横浜市神奈川区大口通","1-1"
"2210003","神奈川県横浜市神奈川区大口仲町","1-1"
"2210055","神奈川県横浜市神奈川区大野町","1-1"
"2210865","神奈川県横浜市神奈川区片倉","1-1"
"2210045","神奈川県横浜市神奈川区神奈川","1-1"
"2210046","神奈川県横浜市神奈川区神奈川本町","1-1"
"2210831","神奈川県横浜市神奈川区上反町","1-1"
"2210011","神奈川県横浜市神奈川区神之木台","1-1"
"2210015","神奈川県横浜市神奈川区神之木町","1-1"
"2210041","神奈川県横浜市神奈川区亀住町","1-1"
"2210801","神奈川県横浜市神奈川区神大寺","1-1"
"2210832","神奈川県横浜市神奈川区桐畑","1-1"
"2210056","神奈川県横浜市神奈川区金港町","1-1"
"2210804","神奈川県横浜市神奈川区栗田谷","1-1"
"2206109","神奈川県横浜市西区みなとみらいクイーンズタワーＢ（９階）","1-1"
"2206110","神奈川県横浜市西区みなとみらいクイーンズタワーＢ（１０階）","1-1"
"2206111","神奈川県横浜市西区みなとみらいクイーンズタワーＢ（１１階）","1-1"
"2206112","神奈川県横浜市西区みなとみらいクイーンズタワーＢ（１２階）","1-1"
"2206113","神奈川県横浜市西区みなとみらいクイーンズタワーＢ（１３階）","1-1"
"2206114","神奈川県横浜市西区みなとみらいクイーンズタワーＢ（１４階）","1-1"
"2206115","神奈川県横浜市西区みなとみらいクイーンズタワーＢ（１５階）","1-1"
"2206116","神奈川県横浜市西区みなとみらいクイーンズタワーＢ（１６階）","1-1"
"2310806","神奈川県横浜市中区本牧町","1-1"
"2310016","神奈川県横浜市中区真砂町","1-1"
"2310025","神奈川県横浜市中区松影町","1-1"
"2310838","神奈川県横浜市中区豆口台","1-1"
"2310017","神奈川県横浜市中区港町","1-1"
"2310006","神奈川県横浜市中区南仲通","1-1"
"2310816","神奈川県横浜市中区南本牧","1-1"
"2310856","神奈川県横浜市中区簑沢","1-1"
"2310065","神奈川県横浜市中区宮川町","1-1"
"2310841","神奈川県横浜市中区妙香寺台","1-1"
"2310034","神奈川県横浜市中区三吉町","1-1"
"2310849","神奈川県横浜市中区麦田町","1-1"
"2310004","神奈川県横浜市中区元浜町","1-1"
"2310861","神奈川県横浜市中区元町","1-1"
"2310831","神奈川県横浜市中区矢口台","1-1"
"2310023","神奈川県横浜市中区山下町","1-1"
"2310036","神奈川県横浜市中区山田町","1-1"
"2310862","神奈川県横浜市中区山手町","1-1"
"2310846","神奈川県横浜市中区大和町","1-1"
"2220033","神奈川県横浜市港北区新横浜","1-1"
"2230056","神奈川県横浜市港北区新吉田町","1-1"
"2230058","神奈川県横浜市港北区新吉田東","1-1"
"2230063","神奈川県横浜市港北区高田町","1-1"
"2230066","神奈川県横浜市港北区高田西","1-1"
"2230065","神奈川県横浜市港北区高田東","1-1"
"2220001","神奈川県横浜市港北区樽町","1-1"
"2230055","神奈川県横浜市港北区綱島上町","1-1"
"2230054","神奈川県横浜市港北区綱島台","1-1"
"2230052","神奈川県横浜市港北区綱島東","1-1"
"2230053","神奈川県横浜市港北区綱島西","1-1"
"2220035","神奈川県横浜市港北区鳥山町","1-1"
"2220023","神奈川県横浜市港北区仲手原","1-1"
"2220013","神奈川県横浜市港北区錦が丘","1-1"
"2230057","神奈川県横浜市港北区新羽町","1-1"
"2460031","神奈川県横浜市瀬谷区瀬谷","1-1"
"2460003","神奈川県横浜市瀬谷区瀬谷町","1-1"
"2460005","神奈川県横浜市瀬谷区竹村町","1-1"
"2460014","神奈川県横浜市瀬谷区中央","1-1"
"2460004","神奈川県横浜市瀬谷区中屋敷","1-1"
"2460037","神奈川県横浜市瀬谷区橋戸","1-1"
"2460021","神奈川県横浜市瀬谷区二ツ橋町","1-1"
"2460015","神奈川県横浜市瀬谷区本郷","1-1"
"2460022","神奈川県横浜市瀬谷区三ツ境","1-1"
"2460034","神奈川県横浜市瀬谷区南瀬谷","1-1"
"2460032","神奈川県横浜市瀬谷区南台","1-1"
"2460038","神奈川県横浜市瀬谷区宮沢","1-1"
"2460007","神奈川県横浜市瀬谷区目黒町","1-1"
"2206117","神奈川県横浜市西区みなとみらいクイーンズタワーＢ（１７階）","1-1"
"2206118","神奈川県横浜市西区みなとみらいクイーンズタワーＢ（１８階）","1-1"
"2206119","神奈川県横浜市西区みなとみらいクイーンズタワーＢ（１９階）","1-1"
"2206120","神奈川県横浜市西区みなとみらいクイーンズタワーＢ（２０階）","1-1"
"2206121","神奈川県横浜市西区みなとみらいクイーンズタワーＢ（２１階）","1-1"
"2206122","神奈川県横浜市西区みなとみらいクイーンズタワーＢ（２２階）","1-1"
"2206123","神奈川県横浜市西区みなとみらいクイーンズタワーＢ（２３階）","1-1"
"2206124","神奈川県横浜市西区みなとみらいクイーンズタワーＢ（２４階）","1-1"
"2206125","神奈川県横浜市西区みなとみらいクイーンズタワーＢ（２５階）","1-1"
"2206126","神奈川県横浜市西区みなとみらいクイーンズタワーＢ（２６階）","1-1"
"2310038","神奈川県横浜市中区山吹町","1-1"
"2310851","神奈川県横浜市中区山元町","1-1"
"2310058","神奈川県横浜市中区弥生町","1-1"
"2310022","神奈川県横浜市中区横浜公園","1-1"
"2310041","神奈川県横浜市中区吉田町","1-1"
"2310024","神奈川県横浜市中区吉浜町","1-1"
"2310056","神奈川県横浜市中区若葉町","1-1"
"2310805","神奈川県横浜市中区和田山","1-1"
"2320000","神奈川県横浜市南区以下に掲載がない場合","1-1"
"2320051","神奈川県横浜市南区井土ケ谷上町","1-1"
"2320052","神奈川県横浜市南区井土ケ谷中町","1-1"
"2320053","神奈川県横浜市南区井土ケ谷下町","1-1"
"2320024","神奈川県横浜市南区浦舟町","1-1"
"2320031","神奈川県横浜市南区永楽町","1-1"
"2320044","神奈川県横浜市南区榎町","1-1"
"2320061","神奈川県横浜市南区大岡","1-1"
"2470000","神奈川県横浜市栄区以下に掲載がない場合","1-1"
"2440842","神奈川県横浜市栄区飯島町","1-1"
"2470026","神奈川県横浜市栄区犬山町","1-1"
"2470027","神奈川県横浜市栄区尾月","1-1"
"2470006","神奈川県横浜市栄区笠間","1-1"
"2470009","神奈川県横浜市栄区鍛冶ケ谷","1-1"
"2470003","神奈川県横浜市栄区鍛冶ケ谷町","1-1"
"2470031","神奈川県横浜市栄区桂台北","1-1"
"2470034","神奈川県横浜市栄区桂台中","1-1"
"2470035","神奈川県横浜市栄区桂台西","1-1"
"2206127","神奈川県横浜市西区みなとみらいクイーンズタワーＢ（２７階）","1-1"
"2206128","神奈川県横浜市西区みなとみらいクイーンズタワーＢ（２８階）","1-1"
"2206290","神奈川県横浜市西区みなとみらいクイーンズタワーＣ（地階・階層不明）","1-1"
"2206201","神奈川県横浜市西区みなとみらいクイーンズタワーＣ（１階）","1-1"
"2206202","神奈川県横浜市西区みなとみらいクイーンズタワーＣ（２階）","1-1"
"2206203","神奈川県横浜市西区みなとみらいクイーンズタワーＣ（３階）","1-1"
"2206204","神奈川県横浜市西区みなとみらいクイーンズタワーＣ（４階）","1-1"
"2206205","神奈川県横浜市西区みなとみらいクイーンズタワーＣ（５階）","1-1"
"2206206","神奈川県横浜市西区みなとみらいクイーンズタワーＣ（６階）","1-1"
"2206207","神奈川県横浜市西区みなとみらいクイーンズタワーＣ（７階）","1-1"
"2320054","神奈川県横浜市南区大橋町","1-1"
"2320008","神奈川県横浜市南区庚台","1-1"
"2320034","神奈川県横浜市南区唐沢","1-1"
"2320015","神奈川県横浜市南区共進町","1-1"
"2320067","神奈川県横浜市南区弘明寺町","1-1"
"2320013","神奈川県横浜市南区山王町","1-1"
"2320036","神奈川県横浜市南区山谷","1-1"
"2320007","神奈川県横浜市南区清水ケ丘","1-1"
"2320017","神奈川県横浜市南区宿町","1-1"
"2320005","神奈川県横浜市南区白金町","1-1"
"2320023","神奈川県横浜市南区白妙町","1-1"
"2320027","神奈川県横浜市南区新川町","1-1"
"2230061","神奈川県横浜市港北区日吉","1-1"
"2230062","神奈川県横浜市港北区日吉本町","1-1"
"2220012","神奈川県横浜市港北区富士塚","1-1"
"2220032","神奈川県横浜市港北区大豆戸町","1-1"
"2230051","神奈川県横浜市港北区箕輪町","1-1"
"2220002","神奈川県横浜市港北区師岡町","1-1"
"2440000","神奈川県横浜市戸塚区以下に掲載がない場合","1-1"
"2450052","神奈川県横浜市戸塚区秋葉町","1-1"
"2450064","神奈川県横浜市戸塚区影取町","1-1"
"2440812","神奈川県横浜市戸塚区柏尾町","1-1"
"2440811","神奈川県横浜市戸塚区上柏尾町","1-1"
"2440816","神奈川県横浜市戸塚区上倉田町","1-1"
"2470032","神奈川県横浜市栄区桂台東","1-1"
"2470033","神奈川県横浜市栄区桂台南","1-1"
"2470005","神奈川県横浜市栄区桂町","1-1"
"2440845","神奈川県横浜市栄区金井町","1-1"
"2470013","神奈川県横浜市栄区上郷町","1-1"
"2470025","神奈川県横浜市栄区上之町","1-1"
"2470028","神奈川県横浜市栄区亀井町","1-1"
"2470014","神奈川県横浜市栄区公田町","1-1"
"2470007","神奈川県横浜市栄区小菅ケ谷","1-1"
"2470001","神奈川県横浜市栄区小菅ケ谷町","1-1"
"2470002","神奈川県横浜市栄区小山台","1-1"
"2470022","神奈川県横浜市栄区庄戸","1-1"
"2206208","神奈川県横浜市西区みなとみらいクイーンズタワーＣ（８階）","1-1"
"2206209","神奈川県横浜市西区みなとみらいクイーンズタワーＣ（９階）","1-1"
"2206210","神奈川県横浜市西区みなとみらいクイーンズタワーＣ（１０階）","1-1"
"2206211","神奈川県横浜市西区みなとみらいクイーンズタワーＣ（１１階）","1-1"
"2206212","神奈川県横浜市西区みなとみらいクイーンズタワーＣ（１２階）","1-1"
"2206213","神奈川県横浜市西区みなとみらいクイーンズタワーＣ（１３階）","1-1"
"2206214","神奈川県横浜市西区みなとみらいクイーンズタワーＣ（１４階）","1-1"
"2206215","神奈川県横浜市西区みなとみらいクイーンズタワーＣ（１５階）","1-1"
"2206216","神奈川県横浜市西区みなとみらいクイーンズタワーＣ（１６階）","1-1"
"2206217","神奈川県横浜市西区みなとみらいクイーンズタワーＣ（１７階）","1-1"
"2206218","神奈川県横浜市西区みなとみらいクイーンズタワーＣ（１８階）","1-1"
"2206219","神奈川県横浜市西区みなとみらいクイーンズタワーＣ（１９階）","1-1"
"2320025","神奈川県横浜市南区高砂町","1-1"
"2320022","神奈川県横浜市南区高根町","1-1"
"2320056","神奈川県横浜市南区通町","1-1"
"2320063","神奈川県横浜市南区中里","1-1"
"2320062","神奈川県横浜市南区中里町","1-1"
"2320055","神奈川県横浜市南区中島町","1-1"
"2320033","神奈川県横浜市南区中村町","1-1"
"2320074","神奈川県横浜市南区永田山王台","1-1"
"2320076","神奈川県横浜市南区永田台","1-1"
"2440806","神奈川県横浜市戸塚区上品濃","1-1"
"2450053","神奈川県横浜市戸塚区上矢部町","1-1"
"2440805","神奈川県横浜市戸塚区川上町","1-1"
"2450061","神奈川県横浜市戸塚区汲沢","1-1"
"2450062","神奈川県横浜市戸塚区汲沢町","1-1"
"2440004","神奈川県横浜市戸塚区小雀町","1-1"
"2440801","神奈川県横浜市戸塚区品濃町","1-1"
"2440815","神奈川県横浜市戸塚区下倉田町","1-1"
"2440003","神奈川県横浜市戸塚区戸塚町","1-1"
"2440844","神奈川県横浜市栄区田谷町","1-1"
"2470015","神奈川県横浜市栄区中野町","1-1"
"2440843","神奈川県横浜市栄区長尾台町","1-1"
"2470023","神奈川県横浜市栄区長倉町","1-1"
"2440841","神奈川県横浜市栄区長沼町","1-1"
"2470024","神奈川県横浜市栄区野七里","1-1"
"2470004","神奈川県横浜市栄区柏陽","1-1"
"2470021","神奈川県横浜市栄区東上郷町","1-1"
"2470008","神奈川県横浜市栄区本郷台","1-1"
"2470011","神奈川県横浜市栄区元大橋","1-1"
"2470012","神奈川県横浜市栄区若竹町","1-1"
"2450000","神奈川県横浜市泉区以下に掲載がない場合","1-1"
"2450001","神奈川県横浜市泉区池の谷","1-1"
"2450022","神奈川県横浜市泉区和泉が丘","1-1"
"2450024","神奈川県横浜市泉区和泉中央北","1-1"
"2450023","神奈川県横浜市泉区和泉中央南","1-1"
"2450016","神奈川県横浜市泉区和泉町","1-1"
"2450003","神奈川県横浜市泉区岡津町","1-1"
"2450007","神奈川県横浜市泉区桂坂","1-1"
"2450018","神奈川県横浜市泉区上飯田町","1-1"
"2450017","神奈川県横浜市泉区下飯田町","1-1"
"2206220","神奈川県横浜市西区みなとみらいクイーンズタワーＣ（２０階）","1-1"
"2206221","神奈川県横浜市西区みなとみらいクイーンズタワーＣ（２１階）","1-1"
"2208190","神奈川県横浜市西区みなとみらいランドマークタワー（地階・階層不明）","1-1"
"2208101","神奈川県横浜市西区みなとみらいランドマークタワー（１階）","1-1"
"2208102","神奈川県横浜市西区みなとみらいランドマークタワー（２階）","1-1"
"2208103","神奈川県横浜市西区みなとみらいランドマークタワー（３階）","1-1"
"2208104","神奈川県横浜市西区みなとみらいランドマークタワー（４階）","1-1"
"2320075","神奈川県横浜市南区永田みなみ台","1-1"
"2320072","神奈川県横浜市南区永田東","1-1"
"2320073","神奈川県横浜市南区永田南","1-1"
"2320071","神奈川県横浜市南区永田北","1-1"
"2320003","神奈川県横浜市南区西中町","1-1"
"2320037","神奈川県横浜市南区八幡町","1-1"
"2320018","神奈川県横浜市南区花之木町","1-1"
"2320011","神奈川県横浜市南区日枝町","1-1"
"2320045","神奈川県横浜市南区東蒔田町","1-1"
"2320001","神奈川県横浜市南区伏見町","1-1"
"2320026","神奈川県横浜市南区二葉町","1-1"
"2320035","神奈川県横浜市南区平楽","1-1"
"2320064","神奈川県横浜市南区別所","1-1"
"2320065","神奈川県横浜市南区別所中里台","1-1"
"2320042","神奈川県横浜市南区堀ノ内町","1-1"
"2320043","神奈川県横浜市南区蒔田町","1-1"
"2320004","神奈川県横浜市南区前里町","1-1"
"2320021","神奈川県横浜市南区真金町","1-1"
"2440001","神奈川県横浜市戸塚区鳥が丘","1-1"
"2450051","神奈川県横浜市戸塚区名瀬町","1-1"
"2450063","神奈川県横浜市戸塚区原宿","1-1"
"2450065","神奈川県横浜市戸塚区東俣野町","1-1"
"2440802","神奈川県横浜市戸塚区平戸","1-1"
"2440803","神奈川県横浜市戸塚区平戸町","1-1"
"2450067","神奈川県横浜市戸塚区深谷町","1-1"
"2440813","神奈川県横浜市戸塚区舞岡町","1-1"
"2440804","神奈川県横浜市戸塚区前田町","1-1"
"2450066","神奈川県横浜市戸塚区俣野町","1-1"
"2440814","神奈川県横浜市戸塚区南舞岡","1-1"
"2210051","神奈川県横浜市神奈川区幸ケ谷","1-1"
"2210012","神奈川県横浜市神奈川区子安台","1-1"
"2210021","神奈川県横浜市神奈川区子安通","1-1"
"2210811","神奈川県横浜市神奈川区斎藤分町","1-1"
"2210052","神奈川県横浜市神奈川区栄町","1-1"
"2210844","神奈川県横浜市神奈川区沢渡","1-1"
"2210862","神奈川県横浜市神奈川区三枚町","1-1"
"2210075","神奈川県横浜市神奈川区白幡上町","1-1"
"2210071","神奈川県横浜市神奈川区白幡仲町","1-1"
"2210072","神奈川県横浜市神奈川区白幡東町","1-1"
"2210074","神奈川県横浜市神奈川区白幡西町","1-1"
"2210073","神奈川県横浜市神奈川区白幡南町","1-1"
"2210077","神奈川県横浜市神奈川区白幡向町","1-1"
"2208105","神奈川県横浜市西区みなとみらいランドマークタワー（５階）","1-1"
"2208106","神奈川県横浜市西区みなとみらいランドマークタワー（６階）","1-1"
"2208107","神奈川県横浜市西区みなとみらいランドマークタワー（７階）","1-1"
"2208108","神奈川県横浜市西区みなとみらいランドマークタワー（８階）","1-1"
"2208109","神奈川県横浜市西区みなとみらいランドマークタワー（９階）","1-1"
"2208110","神奈川県横浜市西区みなとみらいランドマークタワー（１０階）","1-1"
"2208111","神奈川県横浜市西区みなとみらいランドマークタワー（１１階）","1-1"
"2208112","神奈川県横浜市西区みなとみらいランドマークタワー（１２階）","1-1"
"2208113","神奈川県横浜市西区みなとみらいランドマークタワー（１３階）","1-1"
"2208114","神奈川県横浜市西区みなとみらいランドマークタワー（１４階）","1-1"
"2208115","神奈川県横浜市西区みなとみらいランドマークタワー（１５階）","1-1"
"2320032","神奈川県横浜市南区万世町","1-1"
"2320006","神奈川県横浜市南区南太田","1-1"
"2320012","神奈川県横浜市南区南吉田町","1-1"
"2320002","神奈川県横浜市南区三春台","1-1"
"2320016","神奈川県横浜市南区宮元町","1-1"
"2320066","神奈川県横浜市南区六ツ川","1-1"
"2320041","神奈川県横浜市南区睦町","1-1"
"2320014","神奈川県横浜市南区吉野町","1-1"
"2320057","神奈川県横浜市南区若宮町","1-1"
"2400000","神奈川県横浜市保土ケ谷区以下に掲載がない場合","1-1"
"2400053","神奈川県横浜市保土ケ谷区新井町","1-1"
"2400035","神奈川県横浜市保土ケ谷区今井町","1-1"
"2400023","神奈川県横浜市保土ケ谷区岩井町","1-1"
"2400015","神奈川県横浜市保土ケ谷区岩崎町","1-1"
"2400004","神奈川県横浜市保土ケ谷区岩間町","1-1"
"2400062","神奈川県横浜市保土ケ谷区岡沢町","1-1"
"2400014","神奈川県横浜市保土ケ谷区霞台","1-1"
"2400013","神奈川県横浜市保土ケ谷区帷子町","1-1"
"2210076","神奈川県横浜市神奈川区白幡町","1-1"
"2210031","神奈川県横浜市神奈川区新浦島町","1-1"
"2210013","神奈川県横浜市神奈川区新子安","1-1"
"2210043","神奈川県横浜市神奈川区新町","1-1"
"2210864","神奈川県横浜市神奈川区菅田町","1-1"
"2210033","神奈川県横浜市神奈川区鈴繁町","1-1"
"2210834","神奈川県横浜市神奈川区台町","1-1"
"2210833","神奈川県横浜市神奈川区高島台","1-1"
"2210023","神奈川県横浜市神奈川区宝町","1-1"
"2210063","神奈川県横浜市神奈川区立町","1-1"
"2210825","神奈川県横浜市神奈川区反町","1-1"
"2208116","神奈川県横浜市西区みなとみらいランドマークタワー（１６階）","1-1"
"2208117","神奈川県横浜市西区みなとみらいランドマークタワー（１７階）","1-1"
"2208118","神奈川県横浜市西区みなとみらいランドマークタワー（１８階）","1-1"
"2208119","神奈川県横浜市西区みなとみらいランドマークタワー（１９階）","1-1"
"2208120","神奈川県横浜市西区みなとみらいランドマークタワー（２０階）","1-1"
"2208121","神奈川県横浜市西区みなとみらいランドマークタワー（２１階）","1-1"
"2208122","神奈川県横浜市西区みなとみらいランドマークタワー（２２階）","1-1"
"2208123","神奈川県横浜市西区みなとみらいランドマークタワー（２３階）","1-1"
"2208124","神奈川県横浜市西区みなとみらいランドマークタワー（２４階）","1-1"
"2208125","神奈川県横浜市西区みなとみらいランドマークタワー（２５階）","1-1"
"2208126","神奈川県横浜市西区みなとみらいランドマークタワー（２６階）","1-1"
"2208127","神奈川県横浜市西区みなとみらいランドマークタワー（２７階）","1-1"
"2208128","神奈川県横浜市西区みなとみらいランドマークタワー（２８階）","1-1"
"2208129","神奈川県横浜市西区みなとみらいランドマークタワー（２９階）","1-1"
"2400066","神奈川県横浜市保土ケ谷区釜台町","1-1"
"2400063","神奈川県横浜市保土ケ谷区鎌谷町","1-1"
"2400051","神奈川県横浜市保土ケ谷区上菅田町","1-1"
"2400042","神奈川県横浜市保土ケ谷区上星川","1-1"
"2400025","神奈川県横浜市保土ケ谷区狩場町","1-1"
"2400045","神奈川県横浜市保土ケ谷区川島町","1-1"
"2400001","神奈川県横浜市保土ケ谷区川辺町","1-1"
"2400005","神奈川県横浜市保土ケ谷区神戸町","1-1"
"2400026","神奈川県横浜市保土ケ谷区権太坂","1-1"
"2400034","神奈川県横浜市保土ケ谷区境木町","1-1"
"2400033","神奈川県横浜市保土ケ谷区境木本町","1-1"
"2400043","神奈川県横浜市保土ケ谷区坂本町","1-1"
"2400011","神奈川県横浜市保土ケ谷区桜ケ丘","1-1"
"2400036","神奈川県横浜市保土ケ谷区新桜ケ丘","1-1"
"2400024","神奈川県横浜市保土ケ谷区瀬戸ケ谷町","1-1"
"2400012","神奈川県横浜市保土ケ谷区月見台","1-1"
"2400003","神奈川県横浜市保土ケ谷区天王町","1-1"
"2440002","神奈川県横浜市戸塚区矢部町","1-1"
"2440817","神奈川県横浜市戸塚区吉田町","1-1"
"2330000","神奈川県横浜市港南区以下に掲載がない場合","1-1"
"2330007","神奈川県横浜市港南区大久保","1-1"
"2330001","神奈川県横浜市港南区上大岡東","1-1"
"2330002","神奈川県横浜市港南区上大岡西","1-1"
"2330012","神奈川県横浜市港南区上永谷","1-1"
"2330014","神奈川県横浜市港南区上永谷町","1-1"
"2330003","神奈川県横浜市港南区港南","1-1"
"2340054","神奈川県横浜市港南区港南台","1-1"
"2210036","神奈川県横浜市神奈川区千若町","1-1"
"2210835","神奈川県横浜市神奈川区鶴屋町","1-1"
"2210821","神奈川県横浜市神奈川区富家町","1-1"
"2210064","神奈川県横浜市神奈川区鳥越","1-1"
"2210803","神奈川県横浜市神奈川区中丸","1-1"
"2210061","神奈川県横浜市神奈川区七島町","1-1"
"2210004","神奈川県横浜市神奈川区西大口","1-1"
"2210822","神奈川県横浜市神奈川区西神奈川","1-1"
"2208130","神奈川県横浜市西区みなとみらいランドマークタワー（３０階）","1-1"
"2208131","神奈川県横浜市西区みなとみらいランドマークタワー（３１階）","1-1"
"2208132","神奈川県横浜市西区みなとみらいランドマークタワー（３２階）","1-1"
"2208133","神奈川県横浜市西区みなとみらいランドマークタワー（３３階）","1-1"
"2208134","神奈川県横浜市西区みなとみらいランドマークタワー（３４階）","1-1"
"2208135","神奈川県横浜市西区みなとみらいランドマークタワー（３５階）","1-1"
"2208136","神奈川県横浜市西区みなとみらいランドマークタワー（３６階）","1-1"
"2208137","神奈川県横浜市西区みなとみらいランドマークタワー（３７階）","1-1"
"2208138","神奈川県横浜市西区みなとみらいランドマークタワー（３８階）","1-1"
"2208139","神奈川県横浜市西区みなとみらいランドマークタワー（３９階）","1-1"
"2208140","神奈川県横浜市西区みなとみらいランドマークタワー（４０階）","1-1"
"2208141","神奈川県横浜市西区みなとみらいランドマークタワー（４１階）","1-1"
"2208142","神奈川県横浜市西区みなとみらいランドマークタワー（４２階）","1-1"
"2208143","神奈川県横浜市西区みなとみらいランドマークタワー（４３階）","1-1"
"2400067","神奈川県横浜市保土ケ谷区常盤台","1-1"
"2400022","神奈川県横浜市保土ケ谷区西久保町","1-1"
"2400052","神奈川県横浜市保土ケ谷区西谷町","1-1"
"2400016","神奈川県横浜市保土ケ谷区初音ケ丘","1-1"
"2400017","神奈川県横浜市保土ケ谷区花見台","1-1"
"2400041","神奈川県横浜市保土ケ谷区東川島町","1-1"
"2400031","神奈川県横浜市保土ケ谷区藤塚町","1-1"
"2400044","神奈川県横浜市保土ケ谷区仏向町","1-1"
"2400046","神奈川県横浜市保土ケ谷区仏向西","1-1"
"2400032","神奈川県横浜市保土ケ谷区法泉","1-1"
"2400006","神奈川県横浜市保土ケ谷区星川","1-1"
"2400021","神奈川県横浜市保土ケ谷区保土ケ谷町","1-1"
"2400064","神奈川県横浜市保土ケ谷区峰岡町","1-1"
"2400061","神奈川県横浜市保土ケ谷区峰沢町","1-1"
"2400002","神奈川県横浜市保土ケ谷区宮田町","1-1"
"2400007","神奈川県横浜市保土ケ谷区明神台","1-1"
"2400065","神奈川県横浜市保土ケ谷区和田","1-1"
"2350000","神奈川県横浜市磯子区以下に掲載がない場合","1-1"
"2350016","神奈川県横浜市磯子区磯子","1-1"
"2350019","神奈川県横浜市磯子区磯子台","1-1"
"2350006","神奈川県横浜市磯子区鳳町","1-1"
"2330004","神奈川県横浜市港南区港南中央通","1-1"
"2330008","神奈川県横浜市港南区最戸","1-1"
"2340052","神奈川県横浜市港南区笹下","1-1"
"2330016","神奈川県横浜市港南区下永谷","1-1"
"2330006","神奈川県横浜市港南区芹が谷","1-1"
"2340056","神奈川県横浜市港南区野庭町","1-1"
"2330005","神奈川県横浜市港南区東芹が谷","1-1"
"2330011","神奈川県横浜市港南区東永谷","1-1"
"2330015","神奈川県横浜市港南区日限山","1-1"
"2340051","神奈川県横浜市港南区日野","1-1"
"2340053","神奈川県横浜市港南区日野中央","1-1"
"2340055","神奈川県横浜市港南区日野南","1-1"
"2210001","神奈川県横浜市神奈川区西寺尾","1-1"
"2210813","神奈川県横浜市神奈川区二本榎","1-1"
"2210065","神奈川県横浜市神奈川区白楽","1-1"
"2210863","神奈川県横浜市神奈川区羽沢町","1-1"
"2210866","神奈川県横浜市神奈川区羽沢南","1-1"
"2210053","神奈川県横浜市神奈川区橋本町","1-1"
"2210044","神奈川県横浜市神奈川区東神奈川","1-1"
"2210812","神奈川県横浜市神奈川区平川町","1-1"
"2210824","神奈川県横浜市神奈川区広台太田町","1-1"
"2210823","神奈川県横浜市神奈川区二ツ谷町","1-1"
"2210035","神奈川県横浜市神奈川区星野町","1-1"
"2210843","神奈川県横浜市神奈川区松ケ丘","1-1"
"2210005","神奈川県横浜市神奈川区松見町","1-1"
"2210841","神奈川県横浜市神奈川区松本町","1-1"
"2210034","神奈川県横浜市神奈川区瑞穂町","1-1"
"2210856","神奈川県横浜市神奈川区三ツ沢上町","1-1"
"2210851","神奈川県横浜市神奈川区三ツ沢中町","1-1"
"2210852","神奈川県横浜市神奈川区三ツ沢下町","1-1"
"2208144","神奈川県横浜市西区みなとみらいランドマークタワー（４４階）","1-1"
"2208145","神奈川県横浜市西区みなとみらいランドマークタワー（４５階）","1-1"
"2208146","神奈川県横浜市西区みなとみらいランドマークタワー（４６階）","1-1"
"2208147","神奈川県横浜市西区みなとみらいランドマークタワー（４７階）","1-1"
"2208148","神奈川県横浜市西区みなとみらいランドマークタワー（４８階）","1-1"
"2208149","神奈川県横浜市西区みなとみらいランドマークタワー（４９階）","1-1"
"2208150","神奈川県横浜市西区みなとみらいランドマークタワー（５０階）","1-1"
"2208151","神奈川県横浜市西区みなとみらいランドマークタワー（５１階）","1-1"
"2208152","神奈川県横浜市西区みなとみらいランドマークタワー（５２階）","1-1"
"2208153","神奈川県横浜市西区みなとみらいランドマークタワー（５３階）","1-1"
"2208154","神奈川県横浜市西区みなとみらいランドマークタワー（５４階）","1-1"
"2208155","神奈川県横浜市西区みなとみらいランドマークタワー（５５階）","1-1"
"2208156","神奈川県横浜市西区みなとみらいランドマークタワー（５６階）","1-1"
"2350021","神奈川県横浜市磯子区岡村","1-1"
"2350001","神奈川県横浜市磯子区上町","1-1"
"2350042","神奈川県横浜市磯子区上中里町","1-1"
"2350041","神奈川県横浜市磯子区栗木","1-1"
"2350003","神奈川県横浜市磯子区坂下町","1-1"
"2350022","神奈川県横浜市磯子区汐見台","1-1"
"2350004","神奈川県横浜市磯子区下町","1-1"
"2350017","神奈川県横浜市磯子区新磯子町","1-1"
"2350032","神奈川県横浜市磯子区新杉田町","1-1"
"2350031","神奈川県横浜市磯子区新中原町","1-1"
"2350018","神奈川県横浜市磯子区新森町","1-1"
"2350033","神奈川県横浜市磯子区杉田","1-1"
"2350034","神奈川県横浜市磯子区杉田坪呑","1-1"
"2350012","神奈川県横浜市磯子区滝頭","1-1"
"2350035","神奈川県横浜市磯子区田中","1-1"
"2350014","神奈川県横浜市磯子区中浜町","1-1"
"2350036","神奈川県横浜市磯子区中原","1-1"
"2350007","神奈川県横浜市磯子区西町","1-1"
"2330013","神奈川県横浜市港南区丸山台","1-1"
"2410000","神奈川県横浜市旭区以下に掲載がない場合","1-1"
"2410014","神奈川県横浜市旭区市沢町","1-1"
"2410033","神奈川県横浜市旭区今川町","1-1"
"2410817","神奈川県横浜市旭区今宿","1-1"
"2410032","神奈川県横浜市旭区今宿東町","1-1"
"2410031","神奈川県横浜市旭区今宿西町","1-1"
"2410034","神奈川県横浜市旭区今宿南町","1-1"
"2410813","神奈川県横浜市旭区今宿町","1-1"
"2410834","神奈川県横浜市旭区大池町","1-1"
"2210853","神奈川県横浜市神奈川区三ツ沢東町","1-1"
"2210855","神奈川県横浜市神奈川区三ツ沢西町","1-1"
"2210854","神奈川県横浜市神奈川区三ツ沢南町","1-1"
"2210022","神奈川県横浜市神奈川区守屋町","1-1"
"2210054","神奈川県横浜市神奈川区山内町","1-1"
"2210802","神奈川県横浜市神奈川区六角橋","1-1"
"2200000","神奈川県横浜市西区以下に掲載がない場合","1-1"
"2200034","神奈川県横浜市西区赤門町","1-1"
"2200033","神奈川県横浜市西区東ケ丘","1-1"
"2208157","神奈川県横浜市西区みなとみらいランドマークタワー（５７階）","1-1"
"2208158","神奈川県横浜市西区みなとみらいランドマークタワー（５８階）","1-1"
"2208159","神奈川県横浜市西区みなとみらいランドマークタワー（５９階）","1-1"
"2208160","神奈川県横浜市西区みなとみらいランドマークタワー（６０階）","1-1"
"2208161","神奈川県横浜市西区みなとみらいランドマークタワー（６１階）","1-1"
"2208162","神奈川県横浜市西区みなとみらいランドマークタワー（６２階）","1-1"
"2208163","神奈川県横浜市西区みなとみらいランドマークタワー（６３階）","1-1"
"2208164","神奈川県横浜市西区みなとみらいランドマークタワー（６４階）","1-1"
"2208165","神奈川県横浜市西区みなとみらいランドマークタワー（６５階）","1-1"
"2208166","神奈川県横浜市西区みなとみらいランドマークタワー（６６階）","1-1"
"2350002","神奈川県横浜市磯子区馬場町","1-1"
"2350008","神奈川県横浜市磯子区原町","1-1"
"2350005","神奈川県横浜市磯子区東町","1-1"
"2350015","神奈川県横浜市磯子区久木町","1-1"
"2200045","神奈川県横浜市西区伊勢町","1-1"
"2200032","神奈川県横浜市西区老松町","1-1"
"2200073","神奈川県横浜市西区岡野","1-1"
"2200035","神奈川県横浜市西区霞ケ丘","1-1"
"2200001","神奈川県横浜市西区北軽井沢","1-1"
"2200004","神奈川県横浜市西区北幸","1-1"
"2200003","神奈川県横浜市西区楠町","1-1"
"2208167","神奈川県横浜市西区みなとみらいランドマークタワー（６７階）","1-1"
"2208168","神奈川県横浜市西区みなとみらいランドマークタワー（６８階）","1-1"
"2208169","神奈川県横浜市西区みなとみらいランドマークタワー（６９階）","1-1"
"2208170","神奈川県横浜市西区みなとみらいランドマークタワー（７０階）","1-1"
"2200002","神奈川県横浜市西区南軽井沢","1-1"
"2200005","神奈川県横浜市西区南幸","1-1"
"2200074","神奈川県横浜市西区南浅間町","1-1"
"2200006","神奈川県横浜市西区宮ケ谷","1-1"
"2200031","神奈川県横浜市西区宮崎町","1-1"
"2200063","神奈川県横浜市西区元久保町","1-1"
"2200044","神奈川県横浜市西区紅葉ケ丘","1-1"
"2310000","神奈川県横浜市中区以下に掲載がない場合","1-1"
"2310012","神奈川県横浜市中区相生町","1-1"
"2310051","神奈川県横浜市中区赤門町","1-1"
"2310057","神奈川県横浜市中区曙町","1-1"
"2310834","神奈川県横浜市中区池袋","1-1"
"2310868","神奈川県横浜市中区石川町","1-1"
"2310045","神奈川県横浜市中区伊勢佐木町","1-1"
"2310842","神奈川県横浜市中区上野町","1-1"
"2310867","神奈川県横浜市中区打越","1-1"
"2350043","神奈川県横浜市磯子区氷取沢町","1-1"
"2350013","神奈川県横浜市磯子区広地町","1-1"
"2350011","神奈川県横浜市磯子区丸山","1-1"
"2350044","神奈川県横浜市磯子区峰町","1-1"
"2350023","神奈川県横浜市磯子区森","1-1"
"2350024","神奈川県横浜市磯子区森が丘","1-1"
"2350045","神奈川県横浜市磯子区洋光台","1-1"
"2360000","神奈川県横浜市金沢区以下に掲載がない場合","1-1"
"2360034","神奈川県横浜市金沢区朝比奈町","1-1"
"2360013","神奈川県横浜市金沢区海の公園","1-1"
"2360043","神奈川県横浜市金沢区大川","1-1"
"2360024","神奈川県横浜市金沢区乙舳町","1-1"
"2360055","神奈川県横浜市金沢区片吹","1-1"
"2360015","神奈川県横浜市金沢区金沢町","1-1"
"2410015","神奈川県横浜市旭区小高町","1-1"
"2410835","神奈川県横浜市旭区柏町","1-1"
"2410812","神奈川県横浜市旭区金が谷","1-1"
"2410802","神奈川県横浜市旭区上川井町","1-1"
"2410002","神奈川県横浜市旭区上白根","1-1"
"2410001","神奈川県横浜市旭区上白根町","1-1"
"2410804","神奈川県横浜市旭区川井宿町","1-1"
"2410803","神奈川県横浜市旭区川井本町","1-1"
"2410011","神奈川県横浜市旭区川島町","1-1"
"2410832","神奈川県横浜市旭区桐が作","1-1"
"2410831","神奈川県横浜市旭区左近山","1-1"
"2410816","神奈川県横浜市旭区笹野台","1-1"
"2410822","神奈川県横浜市旭区さちが丘","1-1"
"2410013","神奈川県横浜市旭区三反田町","1-1"
"2200061","神奈川県横浜市西区久保町","1-1"
"2200043","神奈川県横浜市西区御所山町","1-1"
"2200054","神奈川県横浜市西区境之谷","1-1"
"2200021","神奈川県横浜市西区桜木町（４～７丁目）","1-1"
"2200071","神奈川県横浜市西区浅間台","1-1"
"2200072","神奈川県横浜市西区浅間町","1-1"
"2200011","神奈川県横浜市西区高島","1-1"
"2200051","神奈川県横浜市西区中央","1-1"
"2200042","神奈川県横浜市西区戸部町","1-1"
"2200041","神奈川県横浜市西区戸部本町","1-1"
"2310061","神奈川県横浜市中区内田町","1-1"
"2310027","神奈川県横浜市中区扇町","1-1"
"2310858","神奈川県横浜市中区大芝台","1-1"
"2310011","神奈川県横浜市中区太田町","1-1"
"2310859","神奈川県横浜市中区大平町","1-1"
"2310028","神奈川県横浜市中区翁町","1-1"
"2310015","神奈川県横浜市中区尾上町","1-1"
"2310002","神奈川県横浜市中区海岸通","1-1"
"2310866","神奈川県横浜市中区柏葉","1-1"
"2310813","神奈川県横浜市中区かもめ町","1-1"
"2310865","神奈川県横浜市中区北方町","1-1"
"2310003","神奈川県横浜市中区北仲通","1-1"
"2310054","神奈川県横浜市中区黄金町","1-1"
"2310026","神奈川県横浜市中区寿町","1-1"
"2310802","神奈川県横浜市中区小港町","1-1"
"2310848","神奈川県横浜市中区鷺山","1-1"
"2310062","神奈川県横浜市中区桜木町","1-1"
"2360041","神奈川県横浜市金沢区釜利谷町","1-1"
"2360042","神奈川県横浜市金沢区釜利谷東","1-1"
"2360046","神奈川県横浜市金沢区釜利谷西","1-1"
"2360045","神奈川県横浜市金沢区釜利谷南","1-1"
"2360003","神奈川県横浜市金沢区幸浦","1-1"
"2360012","神奈川県横浜市金沢区柴町","1-1"
"2360001","神奈川県横浜市金沢区昭和町","1-1"
"2410025","神奈川県横浜市旭区四季美台","1-1"
"2410806","神奈川県横浜市旭区下川井町","1-1"
"2410005","神奈川県横浜市旭区白根","1-1"
"2410003","神奈川県横浜市旭区白根町","1-1"
"2410823","神奈川県横浜市旭区善部町","1-1"
"2410805","神奈川県横浜市旭区都岡町","1-1"
"2410022","神奈川県横浜市旭区鶴ケ峰","1-1"
"2410021","神奈川県横浜市旭区鶴ケ峰本町","1-1"
"2410815","神奈川県横浜市旭区中尾","1-1"
"2410825","神奈川県横浜市旭区中希望が丘","1-1"
"2410814","神奈川県横浜市旭区中沢","1-1"
"2410004","神奈川県横浜市旭区中白根","1-1"
"2200046","神奈川県横浜市西区西戸部町","1-1"
"2200024","神奈川県横浜市西区西平沼町","1-1"
"2200052","神奈川県横浜市西区西前町","1-1"
"2200022","神奈川県横浜市西区花咲町（４～７丁目）","1-1"
"2200055","神奈川県横浜市西区浜松町","1-1"
"2200062","神奈川県横浜市西区東久保町","1-1"
"2200023","神奈川県横浜市西区平沼","1-1"
"2200053","神奈川県横浜市西区藤棚町","1-1"
"2200013","神奈川県横浜市西区緑町","1-1"
"2200012","神奈川県横浜市西区みなとみらい（次のビルを除く）","1-1"
"2206090","神奈川県横浜市西区みなとみらいクイーンズタワーＡ（地階・階層不明）","1-1"
"2206001","神奈川県横浜市西区みなとみらいクイーンズタワーＡ（１階）","1-1"
"2310001","神奈川県横浜市中区新港","1-1"
"2310801","神奈川県横浜市中区新山下","1-1"
"2310046","神奈川県横浜市中区末広町","1-1"
"2310055","神奈川県横浜市中区末吉町","1-1"
"2310013","神奈川県横浜市中区住吉町","1-1"
"2310863","神奈川県横浜市中区諏訪町","1-1"
"2310837","神奈川県横浜市中区滝之上","1-1"
"2310847","神奈川県横浜市中区竹之丸","1-1"
"2310845","神奈川県横浜市中区立野","1-1"
"2310035","神奈川県横浜市中区千歳町","1-1"
"2310815","神奈川県横浜市中区千鳥町","1-1"
"2310033","神奈川県横浜市中区長者町","1-1"
"2310864","神奈川県横浜市中区千代崎町","1-1"
"2310857","神奈川県横浜市中区塚越","1-1"
"2310855","神奈川県横浜市中区寺久保","1-1"
"2310014","神奈川県横浜市中区常盤町","1-1"
"2360007","神奈川県横浜市金沢区白帆","1-1"
"2360028","神奈川県横浜市金沢区洲崎町","1-1"
"2360027","神奈川県横浜市金沢区瀬戸","1-1"
"2360035","神奈川県横浜市金沢区大道","1-1"
"2360044","神奈川県横浜市金沢区高舟台","1-1"
"2360021","神奈川県横浜市金沢区泥亀","1-1"
"2360014","神奈川県横浜市金沢区寺前","1-1"
"2360051","神奈川県横浜市金沢区富岡東","1-1"
"2360052","神奈川県横浜市金沢区富岡西","1-1"
"2360002","神奈川県横浜市金沢区鳥浜町","1-1"
"2360011","神奈川県横浜市金沢区長浜","1-1"
"2360005","神奈川県横浜市金沢区並木","1-1"
"2360017","神奈川県横浜市金沢区西柴","1-1"
"2360057","神奈川県横浜市金沢区能見台","1-1"
"2360053","神奈川県横浜市金沢区能見台通","1-1"
"2360058","神奈川県横浜市金沢区能見台東","1-1"
"2410012","神奈川県横浜市旭区西川島町","1-1"
"2410826","神奈川県横浜市旭区東希望が丘","1-1"
"2410821","神奈川県横浜市旭区二俣川","1-1"
"2410023","神奈川県横浜市旭区本宿町","1-1"
"2410024","神奈川県横浜市旭区本村町","1-1"
"2410836","神奈川県横浜市旭区万騎が原","1-1"
"2410824","神奈川県横浜市旭区南希望が丘","1-1"
"2410833","神奈川県横浜市旭区南本宿町","1-1"
"2410811","神奈川県横浜市旭区矢指町","1-1"
"2410801","神奈川県横浜市旭区若葉台","1-1"
"2260000","神奈川県横浜市緑区以下に掲載がない場合","1-1"
"2260022","神奈川県横浜市緑区青砥町","1-1"
"2260028","神奈川県横浜市緑区いぶき野","1-1"
"2260012","神奈川県横浜市緑区上山","1-1"
"2206002","神奈川県横浜市西区みなとみらいクイーンズタワーＡ（２階）","1-1"
"2206003","神奈川県横浜市西区みなとみらいクイーンズタワーＡ（３階）","1-1"
"2206004","神奈川県横浜市西区みなとみらいクイーンズタワーＡ（４階）","1-1"
"2206005","神奈川県横浜市西区みなとみらいクイーンズタワーＡ（５階）","1-1"
"2206006","神奈川県横浜市西区みなとみらいクイーンズタワーＡ（６階）","1-1"
"2206007","神奈川県横浜市西区みなとみらいクイーンズタワーＡ（７階）","1-1"
"2206008","神奈川県横浜市西区みなとみらいクイーンズタワーＡ（８階）","1-1"
"2206009","神奈川県横浜市西区みなとみらいクイーンズタワーＡ（９階）","1-1"
"2310814","神奈川県横浜市中区豊浦町","1-1"
"2310839","神奈川県横浜市中区仲尾台","1-1"
"2310812","神奈川県横浜市中区錦町","1-1"
"2310852","神奈川県横浜市中区西竹之丸","1-1"
"2310844","神奈川県横浜市中区西之谷町","1-1"
"2310021","神奈川県横浜市中区日本大通","1-1"
"2310854","神奈川県横浜市中区根岸旭台","1-1"
"2310835","神奈川県横浜市中区根岸加曽台","1-1"
"2310853","神奈川県横浜市中区根岸台","1-1"
"2310836","神奈川県横浜市中区根岸町","1-1"
"2310064","神奈川県横浜市中区野毛町","1-1"
"2310047","神奈川県横浜市中区羽衣町","1-1"
"2360056","神奈川県横浜市金沢区能見台森","1-1"
"2360025","神奈川県横浜市金沢区野島町","1-1"
"2360006","神奈川県横浜市金沢区八景島","1-1"
"2360033","神奈川県横浜市金沢区東朝比奈","1-1"
"2206010","神奈川県横浜市西区みなとみらいクイーンズタワーＡ（１０階）","1-1"
"2206011","神奈川県横浜市西区みなとみらいクイーンズタワーＡ（１１階）","1-1"
"2206012","神奈川県横浜市西区みなとみらいクイーンズタワーＡ（１２階）","1-1"
"2206013","神奈川県横浜市西区みなとみらいクイーンズタワーＡ（１３階）","1-1"
"2206014","神奈川県横浜市西区みなとみらいクイーンズタワーＡ（１４階）","1-1"
"2206015","神奈川県横浜市西区みなとみらいクイーンズタワーＡ（１５階）","1-1"
"2206016","神奈川県横浜市西区みなとみらいクイーンズタワーＡ（１６階）","1-1"
"2206017","神奈川県横浜市西区みなとみらいクイーンズタワーＡ（１７階）","1-1"
"2206018","神奈川県横浜市西区みなとみらいクイーンズタワーＡ（１８階）","1-1"
"2206019","神奈川県横浜市西区みなとみらいクイーンズタワーＡ（１９階）","1-1"
"2206020","神奈川県横浜市西区みなとみらいクイーンズタワーＡ（２０階）","1-1"
"2310053","神奈川県横浜市中区初音町","1-1"
"2310063","神奈川県横浜市中区花咲町","1-1"
"2310052","神奈川県横浜市中区英町","1-1"
"2310031","神奈川県横浜市中区万代町","1-1"
"2310066","神奈川県横浜市中区日ノ出町","1-1"
"2310043","神奈川県横浜市中区福富町仲通","1-1"
"2310044","神奈川県横浜市中区福富町東通","1-1"
"2310042","神奈川県横浜市中区福富町西通","1-1"
"2310037","神奈川県横浜市中区富士見町","1-1"
"2310032","神奈川県横浜市中区不老町","1-1"
"2310007","神奈川県横浜市中区弁天通","1-1"
"2310048","神奈川県横浜市中区蓬莱町","1-1"
"2310843","神奈川県横浜市中区本郷町","1-1"
"2310005","神奈川県横浜市中区本町","1-1"
"2310826","神奈川県横浜市中区本牧荒井","1-1"
"2310823","神奈川県横浜市中区本牧大里町","1-1"
"2310824","神奈川県横浜市中区本牧三之谷","1-1"
"2360023","神奈川県横浜市金沢区平潟町","1-1"
"2360004","神奈川県横浜市金沢区福浦","1-1"
"2360054","神奈川県横浜市金沢区堀口","1-1"
"2360022","神奈川県横浜市金沢区町屋町","1-1"
"2360036","神奈川県横浜市金沢区みず木町","1-1"
"2360031","神奈川県横浜市金沢区六浦","1-1"
"2360032","神奈川県横浜市金沢区六浦町","1-1"
"2360037","神奈川県横浜市金沢区六浦東","1-1"
"2360038","神奈川県横浜市金沢区六浦南","1-1"
"2360016","神奈川県横浜市金沢区谷津町","1-1"
"2360026","神奈川県横浜市金沢区柳町","1-1"
"2220000","神奈川県横浜市港北区以下に掲載がない場合","1-1"
"2220037","神奈川県横浜市港北区大倉山","1-1"
"2220003","神奈川県横浜市港北区大曽根","1-1"
"2220004","神奈川県横浜市港北区大曽根台","1-1"
"2220011","神奈川県横浜市港北区菊名","1-1"
"2260003","神奈川県横浜市緑区鴨居","1-1"
"2260004","神奈川県横浜市緑区鴨居町","1-1"
"2260021","神奈川県横浜市緑区北八朔町","1-1"
"2260016","神奈川県横浜市緑区霧が丘","1-1"
"2260023","神奈川県横浜市緑区小山町","1-1"
"2260014","神奈川県横浜市緑区台村町","1-1"
"2260005","神奈川県横浜市緑区竹山","1-1"
"2260013","神奈川県横浜市緑区寺山町","1-1"
"2260025","神奈川県横浜市緑区十日市場町","1-1"
"2260011","神奈川県横浜市緑区中山町","1-1"
"2260027","神奈川県横浜市緑区長津田","1-1"
"2260026","神奈川県横浜市緑区長津田町","1-1"
"2260018","神奈川県横浜市緑区長津田みなみ台","1-1"
"2260017","神奈川県横浜市緑区新治町","1-1"
"2206021","神奈川県横浜市西区みなとみらいクイーンズタワーＡ（２１階）","1-1"
"2206022","神奈川県横浜市西区みなとみらいクイーンズタワーＡ（２２階）","1-1"
"2206023","神奈川県横浜市西区みなとみらいクイーンズタワーＡ（２３階）","1-1"
"2206024","神奈川県横浜市西区みなとみらいクイーンズタワーＡ（２４階）","1-1"
"2206025","神奈川県横浜市西区みなとみらいクイーンズタワーＡ（２５階）","1-1"
"2206026","神奈川県横浜市西区みなとみらいクイーンズタワーＡ（２６階）","1-1"
"2206027","神奈川県横浜市西区みなとみらいクイーンズタワーＡ（２７階）","1-1"
"2206028","神奈川県横浜市西区みなとみらいクイーンズタワーＡ（２８階）","1-1"
"2206029","神奈川県横浜市西区みなとみらいクイーンズタワーＡ（２９階）","1-1"
"2206030","神奈川県横浜市西区みなとみらいクイーンズタワーＡ（３０階）","1-1"
"2206031","神奈川県横浜市西区みなとみらいクイーンズタワーＡ（３１階）","1-1"
"2310803","神奈川県横浜市中区本牧十二天","1-1"
"2310821","神奈川県横浜市中区本牧原","1-1"
"2310811","神奈川県横浜市中区本牧ふ頭","1-1"
"2310825","神奈川県横浜市中区本牧間門","1-1"
"2310833","神奈川県横浜市中区本牧満坂","1-1"
"2310832","神奈川県横浜市中区本牧緑ケ丘","1-1"
"2310804","神奈川県横浜市中区本牧宮原","1-1"
"2310822","神奈川県横浜市中区本牧元町","1-1"
"2310827","神奈川県横浜市中区本牧和田","1-1"
"2220034","神奈川県横浜市港北区岸根町","1-1"
"2230059","神奈川県横浜市港北区北新横浜","1-1"
"2220036","神奈川県横浜市港北区小机町","1-1"
"2220024","神奈川県横浜市港北区篠原台町","1-1"
"2220026","神奈川県横浜市港北区篠原町","1-1"
"2220025","神奈川県横浜市港北区篠原西町","1-1"
"2220022","神奈川県横浜市港北区篠原東","1-1"
"2220021","神奈川県横浜市港北区篠原北","1-1"
"2230064","神奈川県横浜市港北区下田町","1-1"
"2260024","神奈川県横浜市緑区西八朔町","1-1"
"2260006","神奈川県横浜市緑区白山","1-1"
"2260002","神奈川県横浜市緑区東本郷","1-1"
"2260001","神奈川県横浜市緑区東本郷町","1-1"
"2260015","神奈川県横浜市緑区三保町","1-1"
"2260029","神奈川県横浜市緑区森の台","1-1"
"2460000","神奈川県横浜市瀬谷区以下に掲載がない場合","1-1"
"2460013","神奈川県横浜市瀬谷区相沢","1-1"
"2460023","神奈川県横浜市瀬谷区阿久和東","1-1"
"2460025","神奈川県横浜市瀬谷区阿久和西","1-1"
"2460026","神奈川県横浜市瀬谷区阿久和南","1-1"
"2460012","神奈川県横浜市瀬谷区東野","1-1"
"2460011","神奈川県横浜市瀬谷区東野台","1-1"
"2460001","神奈川県横浜市瀬谷区卸本町","1-1"
"2460006","神奈川県横浜市瀬谷区上瀬谷町","1-1"
"2460036","神奈川県横浜市瀬谷区北新","1-1"
"2460002","神奈川県横浜市瀬谷区北町","1-1"
"2460008","神奈川県横浜市瀬谷区五貫目町","1-1"
"2460035","神奈川県横浜市瀬谷区下瀬谷","1-1"
"2206032","神奈川県横浜市西区みなとみらいクイーンズタワーＡ（３２階）","1-1"
"2206033","神奈川県横浜市西区みなとみらいクイーンズタワーＡ（３３階）","1-1"
"2206034","神奈川県横浜市西区みなとみらいクイーンズタワーＡ（３４階）","1-1"
"2206035","神奈川県横浜市西区みなとみらいクイーンズタワーＡ（３５階）","1-1"
"2206190","神奈川県横浜市西区みなとみらいクイーンズタワーＢ（地階・階層不明）","1-1"
"2206101","神奈川県横浜市西区みなとみらいクイーンズタワーＢ（１階）","1-1"
"2206102","神奈川県横浜市西区みなとみらいクイーンズタワーＢ（２階）","1-1"
"2206103","神奈川県横浜市西区みなとみらいクイーンズタワーＢ（３階）","1-1"
"2206104","神奈川県横浜市西区みなとみらいクイーンズタワーＢ（４階）","1-1"
"2206105","神奈川県横浜市西区みなとみらいクイーンズタワーＢ（５階）","1-1"
"2206106","神奈川県横浜市西区みなとみらいクイーンズタワーＢ（６階）","1-1"
"2206107","神奈川県横浜市西区みなとみらいクイーンズタワーＢ（７階）","1-1"
"2206108","神奈川県横浜市西区みなとみらいクイーンズタワーＢ（８階）","1-1"
"2450021","神奈川県横浜市泉区下和泉","1-1"
"2450005","神奈川県横浜市泉区白百合","1-1"
"2450009","神奈川県横浜市泉区新橋町","1-1"
"2450011","神奈川県横浜市泉区中田町","1-1"
"2450013","神奈川県横浜市泉区中田東","1-1"
"2450015","神奈川県横浜市泉区中田西","1-1"
"2450014","神奈川県横浜市泉区中田南","1-1"
"2450012","神奈川県横浜市泉区中田北","1-1"
"2450006","神奈川県横浜市泉区西が岡","1-1"
"2450008","神奈川県横浜市泉区弥生台","1-1"
"2450004","神奈川県横浜市泉区領家","1-1"
"2450002","神奈川県横浜市泉区緑園","1-1"
"2270000","神奈川県横浜市青葉区以下に掲載がない場合","1-1"
"2270062","神奈川県横浜市青葉区青葉台","1-1"
"2270066","神奈川県横浜市青葉区あかね台","1-1"
"2250011","神奈川県横浜市青葉区あざみ野","1-1"
"2250012","神奈川県横浜市青葉区あざみ野南","1-1"
"2250024","神奈川県横浜市青葉区市ケ尾町","1-1"
"2250002","神奈川県横浜市青葉区美しが丘","1-1"
"2250001","神奈川県横浜市青葉区美しが丘西","1-1"
"2270052","神奈川県横浜市青葉区梅が丘","1-1"
"2250005","神奈川県横浜市青葉区荏子田","1-1"
"2250013","神奈川県横浜市青葉区荏田町","1-1"
"2250014","神奈川県横浜市青葉区荏田西","1-1"
"2250015","神奈川県横浜市青葉区荏田北","1-1"
"2270063","神奈川県横浜市青葉区榎が丘","1-1"
"2250023","神奈川県横浜市青葉区大場町","1-1"
"2270065","神奈川県横浜市青葉区恩田町","1-1"
"2270048","神奈川県横浜市青葉区柿の木台","1-1"
"2270034","神奈川県横浜市青葉区桂台","1-1"
"2270041","神奈川県横浜市青葉区上谷本町","1-1"
"2270033","神奈川県横浜市青葉区鴨志田町","1-1"
"2250025","神奈川県横浜市青葉区鉄町","1-1"
"2250022","神奈川県横浜市青葉区黒須田","1-1"
"2270061","神奈川県横浜市青葉区桜台","1-1"
"2270053","神奈川県横浜市青葉区さつきが丘","1-1"
"2270031","神奈川県横浜市青葉区寺家町","1-1"
"2270042","神奈川県横浜市青葉区下谷本町","1-1"
"2270054","神奈川県横浜市青葉区しらとり台","1-1"
"2250003","神奈川県横浜市青葉区新石川","1-1"
"2250021","神奈川県横浜市青葉区すすき野","1-1"
"2270035","神奈川県横浜市青葉区すみよし台","1-1"
"2270046","神奈川県横浜市青葉区たちばな台","1-1"
"2270064","神奈川県横浜市青葉区田奈町","1-1"
"2270051","神奈川県横浜市青葉区千草台","1-1"
"2270055","神奈川県横浜市青葉区つつじが丘","1-1"
"2270038","神奈川県横浜市青葉区奈良","1-1"
"2270036","神奈川県横浜市青葉区奈良町","1-1"
"2270032","神奈川県横浜市青葉区成合町","1-1"
"2270043","神奈川県横浜市青葉区藤が丘","1-1"
"2270067","神奈川県横浜市青葉区松風台","1-1"
"2250016","神奈川県横浜市青葉区みすずが丘","1-1"
"2270047","神奈川県横浜市青葉区みたけ台","1-1"
"2270037","神奈川県横浜市青葉区緑山","1-1"
"2270044","神奈川県横浜市青葉区もえぎ野","1-1"
"2250004","神奈川県横浜市青葉区元石川町","1-1"
"2250026","神奈川県横浜市青葉区もみの木台","1-1"
"2270045","神奈川県横浜市青葉区若草台","1-1"
"2240000","神奈川県横浜市都筑区以下に掲載がない場合","1-1"
"2240016","神奈川県横浜市都筑区あゆみが丘","1-1"
"2240053","神奈川県横浜市都筑区池辺町","1-1"
"2240012","神奈川県横浜市都筑区牛久保","1-1"
"2240011","神奈川県横浜市都筑区牛久保町","1-1"
"2240014","神奈川県横浜市都筑区牛久保東","1-1"
"2240015","神奈川県横浜市都筑区牛久保西","1-1"
"2240004","神奈川県横浜市都筑区荏田東町","1-1"
"2240008","神奈川県横浜市都筑区荏田南町","1-1"
"2240006","神奈川県横浜市都筑区荏田東","1-1"
"2240007","神奈川県横浜市都筑区荏田南","1-1"
"2240042","神奈川県横浜市都筑区大熊町","1-1"
"2240028","神奈川県横浜市都筑区大棚西","1-1"
"2240027","神奈川県横浜市都筑区大棚町","1-1"
"2240061","神奈川県横浜市都筑区大丸","1-1"
"2240043","神奈川県横浜市都筑区折本町","1-1"
"2240055","神奈川県横浜市都筑区加賀原","1-1"
"2240034","神奈川県横浜市都筑区勝田町","1-1"
"2240036","神奈川県横浜市都筑区勝田南","1-1"
"2240044","神奈川県横浜市都筑区川向町","1-1"
"2240056","神奈川県横浜市都筑区川和台","1-1"
"2240057","神奈川県横浜市都筑区川和町","1-1"
"2240021","神奈川県横浜市都筑区北山田","1-1"
"2240062","神奈川県横浜市都筑区葛が谷","1-1"
"2240054","神奈川県横浜市都筑区佐江戸町","1-1"
"2240046","神奈川県横浜市都筑区桜並木","1-1"
"2240035","神奈川県横浜市都筑区新栄町","1-1"
"2240013","神奈川県横浜市都筑区すみれが丘","1-1"
"2240065","神奈川県横浜市都筑区高山","1-1"
"2240032","神奈川県横浜市都筑区茅ケ崎中央","1-1"
"2240031","神奈川県横浜市都筑区茅ケ崎町","1-1"
"2240033","神奈川県横浜市都筑区茅ケ崎東","1-1"
"2240037","神奈川県横浜市都筑区茅ケ崎南","1-1"
"2240001","神奈川県横浜市都筑区中川","1-1"
"2240003","神奈川県横浜市都筑区中川中央","1-1"
"2240041","神奈川県横浜市都筑区仲町台","1-1"
"2240063","神奈川県横浜市都筑区長坂","1-1"
"2240052","神奈川県横浜市都筑区二の丸","1-1"
"2240025","神奈川県横浜市都筑区早渕","1-1"
"2240045","神奈川県横浜市都筑区東方町","1-1"
"2240023","神奈川県横浜市都筑区東山田","1-1"
"2240024","神奈川県横浜市都筑区東山田町","1-1"
"2240064","神奈川県横浜市都筑区平台","1-1"
"2240051","神奈川県横浜市都筑区富士見が丘","1-1"
"2240029","神奈川県横浜市都筑区南山田","1-1"
"2240026","神奈川県横浜市都筑区南山田町","1-1"
"2240066","神奈川県横浜市都筑区見花山","1-1"
